{
  "version": "a73ee6877fc77057",
  "builtFromPlayersVersion": "a73ee6877fc77057",
  "weights": {
    "MIDFIELDER": [
      0.13729819075712202,
      0.10510036069967815,
      0.07512039462313264,
      0.12543566326071467,
      0.10492227816780994,
      0.0868466572611382,
      0.03476904654582652,
      0.12773477563070607,
      0.09570312499826752,
      0.10706950805560433
    ],
    "WING": [
      0.10999999999999999,
      0.10999999999999999,
      0.07999999999999999,
      0.07999999999999999,
      0.10999999999999999,
      0.07999999999999999,
      0.09,
      0.10999999999999999,
      0.12,
      0.10999999999999999
    ],
    "KEY_FORWARD": [
      0.14503464834785582,
      0.25,
      0.09606544972469834,
      0.07649265722919062,
      0.05090599343305914,
      0.04345873509015664,
      0.20497301536976098,
      0.050473124389168844,
      0.0489519742366905,
      0.03364385650144441
    ],
    "SMALL_FORWARD": [
      0.1732338254727976,
      0.25,
      0.10246242369349723,
      0.07092477220740329,
      0.06735012897079748,
      0.05230200191439249,
      0.08115124612335044,
      0.0754437175095578,
      0.07074296428131802,
      0.05638812566232604
    ],
    "KEY_DEFENDER": [
      0.04575687296085632,
      0.25,
      0.03703955796070944,
      0.13603173041760416,
      0.1579668807028199,
      0.06195261449618526,
      0.07679366867444269,
      0.037259575855712296,
      0.12289929376812476,
      0.07429913381642173
    ],
    "REBOUND_DEFENDER": [
      0.05906048334868752,
      0.25,
      0.03459160838269518,
      0.09248625079586108,
      0.08218495084917445,
      0.08095571466829604,
      0.04636410628560084,
      0.15253133793899834,
      0.08264276059123747,
      0.11918234924788013
    ],
    "RUCK": [
      0.10656421742136843,
      0.09014022798094287,
      0.1130893143152182,
      0.20282546539729757,
      0.09798328129345213,
      0.07253731255433374,
      0.06690740601515385,
      0.0789097508068018,
      0.08272237277458089,
      0.08832065144085055
    ]
  }
}
