{
  "version": "82b66b8483bde0c5",
  "builtFromPlayersVersion": "82b66b8483bde0c5",
  "weights": {
    "MIDFIELDER": [
      0.13738397125816482,
      0.10510507391279275,
      0.07521617276249011,
      0.12538678289631053,
      0.10485339148413297,
      0.08683054122227563,
      0.03479879842886092,
      0.1277952505265192,
      0.09566275016751818,
      0.10696726734093481
    ],
    "WING": [
      0.10999999999999999,
      0.10999999999999999,
      0.07999999999999999,
      0.07999999999999999,
      0.10999999999999999,
      0.07999999999999999,
      0.09,
      0.10999999999999999,
      0.12,
      0.10999999999999999
    ],
    "KEY_FORWARD": [
      0.14498079171623243,
      0.25,
      0.09607580545588862,
      0.07648792494138629,
      0.050802782919021815,
      0.04344914467064462,
      0.2054665013994269,
      0.050484102507646685,
      0.04875438416876804,
      0.03349801440182573
    ],
    "SMALL_FORWARD": [
      0.17314686979938004,
      0.25,
      0.10240552847876444,
      0.07097753843313212,
      0.067325986372349,
      0.05230532779499702,
      0.08100707199896283,
      0.07549110240674005,
      0.0708844594275469,
      0.0564553210265176
    ],
    "KEY_DEFENDER": [
      0.04575687296085632,
      0.25,
      0.03703955796070944,
      0.13603173041760416,
      0.1579668807028199,
      0.06195261449618526,
      0.07679366867444269,
      0.037259575855712296,
      0.12289929376812476,
      0.07429913381642173
    ],
    "REBOUND_DEFENDER": [
      0.05906048334868752,
      0.25,
      0.03459160838269518,
      0.09248625079586108,
      0.08218495084917445,
      0.08095571466829604,
      0.04636410628560084,
      0.15253133793899834,
      0.08264276059123747,
      0.11918234924788013
    ],
    "RUCK": [
      0.10661143752100091,
      0.09018904973977784,
      0.11307346330399362,
      0.20275515165706712,
      0.09798186491625191,
      0.07247809744462974,
      0.06688482388156557,
      0.07898184387910409,
      0.0827281109006205,
      0.08831615675598883
    ]
  }
}
