{
  "version": "1154f5f80efbdd2d",
  "builtFromPlayersVersion": "1154f5f80efbdd2d",
  "weights": {
    "MIDFIELDER": [
      0.13724050319472003,
      0.10509257806942898,
      0.07513092771220914,
      0.1254271064411218,
      0.10492588882604888,
      0.08688245164231304,
      0.034800747695815884,
      0.1277548589502278,
      0.09570037138328405,
      0.10704456608483043
    ],
    "WING": [
      0.10999999999999999,
      0.10999999999999999,
      0.07999999999999999,
      0.07999999999999999,
      0.10999999999999999,
      0.07999999999999999,
      0.09,
      0.10999999999999999,
      0.12,
      0.10999999999999999
    ],
    "KEY_FORWARD": [
      0.14504345293707852,
      0.25,
      0.09605486874581606,
      0.07648983879756113,
      0.050903390734642576,
      0.043461466347156585,
      0.20496818381116766,
      0.05048147141197562,
      0.0489560126581005,
      0.0336407685283712
    ],
    "SMALL_FORWARD": [
      0.173238452601719,
      0.25,
      0.10246710773755173,
      0.07091257770241638,
      0.06732855523495018,
      0.05229585447189368,
      0.08114833523608339,
      0.07543902338552824,
      0.07076913012464714,
      0.056400166273852526
    ],
    "KEY_DEFENDER": [
      0.04575687296085632,
      0.25,
      0.03703955796070944,
      0.13603173041760416,
      0.1579668807028199,
      0.06195261449618526,
      0.07679366867444269,
      0.037259575855712296,
      0.12289929376812476,
      0.07429913381642173
    ],
    "REBOUND_DEFENDER": [
      0.05906048334868752,
      0.25,
      0.03459160838269518,
      0.09248625079586108,
      0.08218495084917445,
      0.08095571466829604,
      0.04636410628560084,
      0.15253133793899834,
      0.08264276059123747,
      0.11918234924788013
    ],
    "RUCK": [
      0.10656343849768855,
      0.090138596539604,
      0.11309267603777234,
      0.20283600044456387,
      0.09798103666051558,
      0.07252143986920992,
      0.06692976612560517,
      0.07891688047593581,
      0.08269658886754429,
      0.08832357648156042
    ]
  }
}
