{
  "version": "d34553a50566522f",
  "builtFromPlayersVersion": "d34553a50566522f",
  "weights": {
    "MIDFIELDER": [
      0.13748609599747602,
      0.10509926554797717,
      0.07523293888154262,
      0.12533742039282808,
      0.10480741658297307,
      0.08678641800308291,
      0.03488343168521556,
      0.12776221749892924,
      0.09565835705624488,
      0.10694643835373042
    ],
    "WING": [
      0.10999999999999999,
      0.10999999999999999,
      0.07999999999999999,
      0.07999999999999999,
      0.10999999999999999,
      0.07999999999999999,
      0.09,
      0.10999999999999999,
      0.12,
      0.10999999999999999
    ],
    "KEY_FORWARD": [
      0.14497179667084453,
      0.25,
      0.09608328895058493,
      0.07648936266569831,
      0.05080523142351442,
      0.04344368610540233,
      0.20549379179315266,
      0.050473723141229165,
      0.048731096145276154,
      0.0335074744591262
    ],
    "SMALL_FORWARD": [
      0.17321203015485856,
      0.25,
      0.1024743053423685,
      0.07098359031570857,
      0.06737377139722699,
      0.052329575424388736,
      0.08092163073890149,
      0.0754491723622261,
      0.07084092610954741,
      0.05641419227729752
    ],
    "KEY_DEFENDER": [
      0.04575687296085632,
      0.25,
      0.03703955796070944,
      0.13603173041760416,
      0.1579668807028199,
      0.06195261449618526,
      0.07679366867444269,
      0.037259575855712296,
      0.12289929376812476,
      0.07429913381642173
    ],
    "REBOUND_DEFENDER": [
      0.05906048334868752,
      0.25,
      0.03459160838269518,
      0.09248625079586108,
      0.08218495084917445,
      0.08095571466829604,
      0.04636410628560084,
      0.15253133793899834,
      0.08264276059123747,
      0.11918234924788013
    ],
    "RUCK": [
      0.106648314207785,
      0.09015787389149896,
      0.11304207531792945,
      0.20275249420558938,
      0.09794861707022404,
      0.07246403730889427,
      0.06693069438512793,
      0.07898887853966496,
      0.08272622550036172,
      0.08834078957292427
    ]
  }
}
