{
  "version": "46a432213154adee",
  "builtFromPlayersVersion": "46a432213154adee",
  "weights": {
    "MIDFIELDER": [
      0.13751639760989315,
      0.10509666827276316,
      0.07519728531432907,
      0.1253519872780293,
      0.1048213242559127,
      0.08678138614505893,
      0.03494528808667258,
      0.12772415802676204,
      0.09563033113136422,
      0.10693517387921488
    ],
    "WING": [
      0.10999999999999999,
      0.10999999999999999,
      0.07999999999999999,
      0.07999999999999999,
      0.10999999999999999,
      0.07999999999999999,
      0.09,
      0.10999999999999999,
      0.12,
      0.10999999999999999
    ],
    "KEY_FORWARD": [
      0.14493382550758407,
      0.25,
      0.09604209340444984,
      0.0764255747078322,
      0.0507904813764038,
      0.04345904495955087,
      0.20555708170216916,
      0.05051648181741886,
      0.048759641659138174,
      0.03351522853732798
    ],
    "SMALL_FORWARD": [
      0.17319540184724277,
      0.25,
      0.10247313003738016,
      0.07098703614975081,
      0.06734703996838882,
      0.052326013697240985,
      0.08096159052705985,
      0.07548619536728594,
      0.07081393961552446,
      0.056408850457042525
    ],
    "KEY_DEFENDER": [
      0.04575687296085632,
      0.25,
      0.03703955796070944,
      0.13603173041760416,
      0.1579668807028199,
      0.06195261449618526,
      0.07679366867444269,
      0.037259575855712296,
      0.12289929376812476,
      0.07429913381642173
    ],
    "REBOUND_DEFENDER": [
      0.05906048334868752,
      0.25,
      0.03459160838269518,
      0.09248625079586108,
      0.08218495084917445,
      0.08095571466829604,
      0.04636410628560084,
      0.15253133793899834,
      0.08264276059123747,
      0.11918234924788013
    ],
    "RUCK": [
      0.10673665097468142,
      0.09014498788392195,
      0.11312928252349387,
      0.20273071845747365,
      0.09796331309004674,
      0.0723386353164911,
      0.06689945072488959,
      0.07895473113855175,
      0.0827442802412719,
      0.08835794964917808
    ]
  }
}
