{
  "version": "b15563f05385c164",
  "builtFromPlayersVersion": "b15563f05385c164",
  "weights": {
    "MIDFIELDER": [
      0.13753756798916228,
      0.10511198106755376,
      0.07527827704544918,
      0.1253188163639408,
      0.10479248808318833,
      0.08678300229302324,
      0.034935765585631356,
      0.1276905257393591,
      0.09560538590788849,
      0.10694618992480351
    ],
    "WING": [
      0.10999999999999999,
      0.10999999999999999,
      0.07999999999999999,
      0.07999999999999999,
      0.10999999999999999,
      0.07999999999999999,
      0.09,
      0.10999999999999999,
      0.12,
      0.10999999999999999
    ],
    "KEY_FORWARD": [
      0.1448960827649264,
      0.25,
      0.09609935882101325,
      0.0763960580053837,
      0.05074385902070613,
      0.04346415718198805,
      0.2058670385246599,
      0.05047777127111305,
      0.048682915720350904,
      0.03337221019482237
    ],
    "SMALL_FORWARD": [
      0.17319905537437907,
      0.25,
      0.10244851122337889,
      0.07097014320773798,
      0.06732046133937228,
      0.05229359781037477,
      0.08094820460697855,
      0.07558895267626577,
      0.07083689007199,
      0.05639338115493555
    ],
    "KEY_DEFENDER": [
      0.04575687296085632,
      0.25,
      0.03703955796070944,
      0.13603173041760416,
      0.1579668807028199,
      0.06195261449618526,
      0.07679366867444269,
      0.037259575855712296,
      0.12289929376812476,
      0.07429913381642173
    ],
    "REBOUND_DEFENDER": [
      0.05906048334868752,
      0.25,
      0.03459160838269518,
      0.09248625079586108,
      0.08218495084917445,
      0.08095571466829604,
      0.04636410628560084,
      0.15253133793899834,
      0.08264276059123747,
      0.11918234924788013
    ],
    "RUCK": [
      0.10662655648011314,
      0.09015634939079482,
      0.11318919352496232,
      0.20272010000712679,
      0.09794802998851541,
      0.07222519261961513,
      0.06702059453989581,
      0.07900231934221669,
      0.08271505444276092,
      0.08839660966399907
    ]
  }
}
