{
  "version": "9ebdc04fc2a0f792",
  "builtFromPlayersVersion": "9ebdc04fc2a0f792",
  "weights": {
    "MIDFIELDER": [
      0.13735588589863973,
      0.10511942226022301,
      0.07519447801897418,
      0.12538604814348903,
      0.10484287921342021,
      0.08683676009807972,
      0.034818069527988146,
      0.1277933181582904,
      0.09566698392958192,
      0.1069861547513136
    ],
    "WING": [
      0.10999999999999999,
      0.10999999999999999,
      0.07999999999999999,
      0.07999999999999999,
      0.10999999999999999,
      0.07999999999999999,
      0.09,
      0.10999999999999999,
      0.12,
      0.10999999999999999
    ],
    "KEY_FORWARD": [
      0.1449539894727136,
      0.25,
      0.09607575176603642,
      0.07649820539032602,
      0.05080643530283956,
      0.04344748530913634,
      0.20549083894809453,
      0.05046238419161641,
      0.04876639217113486,
      0.03349796994255966
    ],
    "SMALL_FORWARD": [
      0.1731456692587718,
      0.25,
      0.10246504451859163,
      0.07099372733066692,
      0.06739463299901673,
      0.052297062682558446,
      0.08099613229454941,
      0.07544112222774477,
      0.07080661524582668,
      0.05645919939578518
    ],
    "KEY_DEFENDER": [
      0.04575687296085632,
      0.25,
      0.03703955796070944,
      0.13603173041760416,
      0.1579668807028199,
      0.06195261449618526,
      0.07679366867444269,
      0.037259575855712296,
      0.12289929376812476,
      0.07429913381642173
    ],
    "REBOUND_DEFENDER": [
      0.05906048334868752,
      0.25,
      0.03459160838269518,
      0.09248625079586108,
      0.08218495084917445,
      0.08095571466829604,
      0.04636410628560084,
      0.15253133793899834,
      0.08264276059123747,
      0.11918234924788013
    ],
    "RUCK": [
      0.10659484973370176,
      0.09018756475746303,
      0.11307404173921734,
      0.2027586296403254,
      0.09798389393260308,
      0.07248072611939935,
      0.0668852356163996,
      0.07898229275495869,
      0.08273698203160651,
      0.0883157836743253
    ]
  }
}
