{
  "version": "4c6573aafe1ef864",
  "builtFromPlayersVersion": "4c6573aafe1ef864",
  "weights": {
    "MIDFIELDER": [
      0.1375117004872862,
      0.10511348716397495,
      0.07523721888015793,
      0.1253316504537307,
      0.10481430355407065,
      0.08679734621314412,
      0.03493426371650974,
      0.12770204908860563,
      0.09561036115579563,
      0.10694761928672447
    ],
    "WING": [
      0.10999999999999999,
      0.10999999999999999,
      0.07999999999999999,
      0.07999999999999999,
      0.10999999999999999,
      0.07999999999999999,
      0.09,
      0.10999999999999999,
      0.12,
      0.10999999999999999
    ],
    "KEY_FORWARD": [
      0.14491678709099173,
      0.25,
      0.09609015953398095,
      0.07641507339908278,
      0.05075160421997555,
      0.0434720133950226,
      0.20567767037937346,
      0.05049548266731714,
      0.048772601239231904,
      0.03340805939777164
    ],
    "SMALL_FORWARD": [
      0.17317840781186705,
      0.25,
      0.1024568004450661,
      0.07097240503284309,
      0.06732446119183552,
      0.05229549991270905,
      0.0809602124446196,
      0.07559732104095553,
      0.07083030653229143,
      0.056383781738879965
    ],
    "KEY_DEFENDER": [
      0.04575687296085632,
      0.25,
      0.03703955796070944,
      0.13603173041760416,
      0.1579668807028199,
      0.06195261449618526,
      0.07679366867444269,
      0.037259575855712296,
      0.12289929376812476,
      0.07429913381642173
    ],
    "REBOUND_DEFENDER": [
      0.05906048334868752,
      0.25,
      0.03459160838269518,
      0.09248625079586108,
      0.08218495084917445,
      0.08095571466829604,
      0.04636410628560084,
      0.15253133793899834,
      0.08264276059123747,
      0.11918234924788013
    ],
    "RUCK": [
      0.10661884859113391,
      0.09013366130891784,
      0.11322709718247018,
      0.202796475513818,
      0.09792281297814731,
      0.07225955203697755,
      0.06699578641416075,
      0.07898762065933355,
      0.08268045654593717,
      0.08837768876910371
    ]
  }
}
