{
  "version": "dcdd0e00d166caeb",
  "builtFromPlayersVersion": "dcdd0e00d166caeb",
  "weights": {
    "MIDFIELDER": [
      0.13727692315279205,
      0.10511161432483053,
      0.07507352626102737,
      0.1254302136455201,
      0.10492240074293804,
      0.08682968774530973,
      0.03475496586848956,
      0.12774977951822078,
      0.0957259490622967,
      0.10712493967857517
    ],
    "WING": [
      0.10999999999999999,
      0.10999999999999999,
      0.07999999999999999,
      0.07999999999999999,
      0.10999999999999999,
      0.07999999999999999,
      0.09,
      0.10999999999999999,
      0.12,
      0.10999999999999999
    ],
    "KEY_FORWARD": [
      0.14503089034378827,
      0.25,
      0.09605898359781888,
      0.07652502925750378,
      0.05093558195743157,
      0.04343745286132729,
      0.20493892135993483,
      0.050465292651991615,
      0.04895638786323064,
      0.033650913286499724
    ],
    "SMALL_FORWARD": [
      0.17325177907843406,
      0.25,
      0.10245032465396911,
      0.0709164784353645,
      0.06734647254325285,
      0.052292397806270104,
      0.08115928217388971,
      0.07544320276138074,
      0.07074898955374516,
      0.056390280590271964
    ],
    "KEY_DEFENDER": [
      0.04575687296085632,
      0.25,
      0.03703955796070944,
      0.13603173041760416,
      0.1579668807028199,
      0.06195261449618526,
      0.07679366867444269,
      0.037259575855712296,
      0.12289929376812476,
      0.07429913381642173
    ],
    "REBOUND_DEFENDER": [
      0.05906048334868752,
      0.25,
      0.03459160838269518,
      0.09248625079586108,
      0.08218495084917445,
      0.08095571466829604,
      0.04636410628560084,
      0.15253133793899834,
      0.08264276059123747,
      0.11918234924788013
    ],
    "RUCK": [
      0.10653674194205767,
      0.09023222610205561,
      0.11310265086236865,
      0.2028147595650302,
      0.09797162084804467,
      0.07253144833468,
      0.0669884713611566,
      0.0789079121676512,
      0.08270799028775887,
      0.08820617852919657
    ]
  }
}
