{
  "version": "8df531166fb4f8c1",
  "builtFromPlayersVersion": "8df531166fb4f8c1",
  "weights": {
    "MIDFIELDER": [
      0.13743778039003487,
      0.10508782642378241,
      0.07518948726763133,
      0.1253859477652557,
      0.10485641268342871,
      0.08682108144993864,
      0.03481625613880857,
      0.12778452216879682,
      0.09567399878014453,
      0.10694668693217843
    ],
    "WING": [
      0.10999999999999999,
      0.10999999999999999,
      0.07999999999999999,
      0.07999999999999999,
      0.10999999999999999,
      0.07999999999999999,
      0.09,
      0.10999999999999999,
      0.12,
      0.10999999999999999
    ],
    "KEY_FORWARD": [
      0.14499295991296451,
      0.25,
      0.09607158674355673,
      0.07647030226590773,
      0.05087915761532636,
      0.04343559313718867,
      0.20521769133423004,
      0.05045181502450625,
      0.04887844774197397,
      0.033601899889416836
    ],
    "SMALL_FORWARD": [
      0.17319745780121934,
      0.25,
      0.10253083987547104,
      0.07093942892480194,
      0.06746295275298406,
      0.052274672969424965,
      0.08101799600627986,
      0.07539608163440659,
      0.07077086409369085,
      0.056408908425151616
    ],
    "KEY_DEFENDER": [
      0.04575687296085632,
      0.25,
      0.03703955796070944,
      0.13603173041760416,
      0.1579668807028199,
      0.06195261449618526,
      0.07679366867444269,
      0.037259575855712296,
      0.12289929376812476,
      0.07429913381642173
    ],
    "REBOUND_DEFENDER": [
      0.05906048334868752,
      0.25,
      0.03459160838269518,
      0.09248625079586108,
      0.08218495084917445,
      0.08095571466829604,
      0.04636410628560084,
      0.15253133793899834,
      0.08264276059123747,
      0.11918234924788013
    ],
    "RUCK": [
      0.10661054457408936,
      0.09019115942892733,
      0.11305468111005844,
      0.20285711496018627,
      0.09800097201273472,
      0.07249765917964945,
      0.066821734675621,
      0.07893295695908557,
      0.08270975024985425,
      0.08832342684979369
    ]
  }
}
